{
    "stack1_blurry": {
        "mse": 0.07341746240854263,
        "cossim": 0.9632912801121766,
        "psnr": 12.599586819940797,
        "ssim": 0.7752330932390936
    },
    "stack1_sharp": {
        "mse": 0.04259144514799118,
        "cossim": 0.978704276793408,
        "psnr": 15.017484765012608,
        "ssim": 0.8670334449071324
    },
    "stack2": {
        "mse": 0.051877301186323166,
        "cossim": 0.974061352464388,
        "psnr": 14.097724627771195,
        "ssim": 0.8411347745116359
    },
    "test_3_firstlastonly": {
        "mse": 0.03371427580714226,
        "cossim": 0.9831428503933942,
        "psnr": 16.20426332925195,
        "ssim": 0.8972219983322826
    },
    "test_5_firstlastonly": {
        "mse": 0.07058071345090866,
        "cossim": 0.9647096853773549,
        "psnr": 12.98581449216587,
        "ssim": 0.7984655997734976
    }
}