{
    "diffusercam": {
        "mse": 0.2988581359386444,
        "cossim": 0.8505709430308275,
        "psnr": 6.142729567270082,
        "ssim": 0.5187172891626198
    }
}