{
    "noise_1e-1": {
        "mse": 1.5739718675613403,
        "cossim": 0.21301411843451207,
        "psnr": -1.8797875531395312,
        "ssim": 0.27720770032179454
    },
    "noise_5e-2": {
        "mse": 1.406752586364746,
        "cossim": 0.29662363999988883,
        "psnr": -1.3425042234784714,
        "ssim": 0.31982789739498907
    },
    "noise_1e-2": {
        "mse": 0.2741692066192627,
        "cossim": 0.8629153969883919,
        "psnr": 6.569394816264314,
        "ssim": 0.7176780277885405
    },
    "noise_1e-3": {
        "mse": 0.023117974400520325,
        "cossim": 0.9884407472610474,
        "psnr": 17.926311146615564,
        "ssim": 0.947688420608916
    },
    "noise_1e-4": {
        "mse": 0.024011678993701935,
        "cossim": 0.9879939317703247,
        "psnr": 17.59639368484864,
        "ssim": 0.9470460866666938
    },
    "noise_1e-5": {
        "mse": 0.02311910130083561,
        "cossim": 0.9884401452541351,
        "psnr": 17.92254998866983,
        "ssim": 0.9476816047507117
    }
}