{
    "stack1_blurry": {
        "mse": 0.1716451793909073,
        "cossim": 0.914177406719833,
        "psnr": 8.858032464527303,
        "ssim": 0.6706484533369494
    },
    "stack1_sharp": {
        "mse": 1.2668321132659912,
        "cossim": 0.3665839730526369,
        "psnr": -0.5472599295462052,
        "ssim": 0.32798502809463087
    },
    "stack2": {
        "mse": 0.03909999132156372,
        "cossim": 0.9804498095697952,
        "psnr": 15.421609040525976,
        "ssim": 0.9224086490356476
    },
    "stack3": {
        "mse": 0.02698901854455471,
        "cossim": 0.9865052136328986,
        "psnr": 17.47217834770792,
        "ssim": 0.9370863889858585
    },
    "stack5": {
        "mse": 0.02026435174047947,
        "cossim": 0.9898675117149668,
        "psnr": 18.839303968686234,
        "ssim": 0.9498654016475065
    }
}