{
    "handshake_5": {
        "mse": 0.18386682868003845,
        "cossim": 0.9080665967018484,
        "psnr": 7.962149096686405,
        "ssim": 0.7089180984263246
    }
}