{
    "ideal_filters_5": {
        "mse": 0.021742520853877068,
        "cossim": 0.9891283937360881,
        "psnr": 19.094769734569276,
        "ssim": 0.9392391795656123
    }
}