{
    "stack1_blurry": {
        "mse": 0.13124534487724304,
        "cossim": 0.9343773582071628,
        "psnr": 9.915549287428078,
        "ssim": 0.6676289523410674
    },
    "stack1_sharp": {
        "mse": 0.0658067911863327,
        "cossim": 0.9670966485480093,
        "psnr": 13.001144072451213,
        "ssim": 0.8049300680173638
    },
    "stack2": {
        "mse": 0.04444100707769394,
        "cossim": 0.9777794840903777,
        "psnr": 14.740280374532457,
        "ssim": 0.8623690737088217
    },
    "stack3": {
        "mse": 0.054322853684425354,
        "cossim": 0.9728385813815413,
        "psnr": 13.683514153302855,
        "ssim": 0.8283131455144327
    },
    "stack5": {
        "mse": 0.09612112492322922,
        "cossim": 0.9519394622096475,
        "psnr": 11.316663389801525,
        "ssim": 0.749865644609417
    }
}