{
    "noise_1e-1": {
        "mse": 0.141785129904747,
        "cossim": 0.9291074621677399,
        "psnr": 8.823377839342992,
        "ssim": 0.6573320341170874
    },
    "noise_5e-2": {
        "mse": 0.05765557289123535,
        "cossim": 0.9711722287535668,
        "psnr": 12.85082617680487,
        "ssim": 0.8045815126126686
    },
    "noise_1e-2": {
        "mse": 0.03328205272555351,
        "cossim": 0.9833589541912079,
        "psnr": 16.01864891015434,
        "ssim": 0.8978968014449736
    },
    "noise_1e-3": {
        "mse": 0.035284705460071564,
        "cossim": 0.9823576611280441,
        "psnr": 15.665960167019259,
        "ssim": 0.8868204087170435
    },
    "noise_1e-4": {
        "mse": 0.03529210016131401,
        "cossim": 0.9823539817333221,
        "psnr": 15.66475026255012,
        "ssim": 0.8867824843345078
    },
    "noise_1e-5": {
        "mse": 0.0352921299636364,
        "cossim": 0.9823539933562279,
        "psnr": 15.664748168790341,
        "ssim": 0.8867827384032577
    }
}