{
    "noise_1e-1": {
        "mse": 0.17308185994625092,
        "cossim": 0.9134590783715248,
        "psnr": 7.964048175144663,
        "ssim": 0.596597756516878
    },
    "noise_5e-2": {
        "mse": 0.0705517902970314,
        "cossim": 0.9647241353988647,
        "psnr": 11.991408024100487,
        "ssim": 0.7647219344103717
    },
    "noise_1e-2": {
        "mse": 0.03225409984588623,
        "cossim": 0.9838729202747345,
        "psnr": 16.096836190139754,
        "ssim": 0.9004321112077992
    },
    "noise_1e-3": {
        "mse": 0.03372575715184212,
        "cossim": 0.9831371092796326,
        "psnr": 15.816755339992888,
        "ssim": 0.8911045735343704
    },
    "noise_1e-4": {
        "mse": 0.033732831478118896,
        "cossim": 0.9831336128711701,
        "psnr": 15.815194973575718,
        "ssim": 0.8910511238987013
    },
    "noise_1e-5": {
        "mse": 0.03373274952173233,
        "cossim": 0.9831336343288422,
        "psnr": 15.815211656230671,
        "ssim": 0.8910512444725552
    }
}