{
    "stack1_blurry": {
        "mse": 0.13124534487724304,
        "cossim": 0.9343773582071628,
        "psnr": 9.915549287428078,
        "ssim": 0.6676289523410674
    },
    "stack1_sharp": {
        "mse": 0.0658067911863327,
        "cossim": 0.9670966485480093,
        "psnr": 13.001144072451213,
        "ssim": 0.8049300680173638
    },
    "stack2": {
        "mse": 0.04444100707769394,
        "cossim": 0.9777794840903777,
        "psnr": 14.740280374532457,
        "ssim": 0.8623690737088217
    },
    "test_3_firstlastonly": {
        "mse": 0.032092075794935226,
        "cossim": 0.9839539411214163,
        "psnr": 16.384100364062267,
        "ssim": 0.9010524140316633
    },
    "test_5_firstlastonly": {
        "mse": 0.034693919122219086,
        "cossim": 0.9826530059272388,
        "psnr": 15.930581245027785,
        "ssim": 0.8963067235465075
    }
}