{
    "noise_1e-1": {
        "mse": 0.15154403448104858,
        "cossim": 0.9242280039191246,
        "psnr": 8.538889400127621,
        "ssim": 0.6342373951158118
    },
    "noise_5e-2": {
        "mse": 0.07043883949518204,
        "cossim": 0.9647806179523468,
        "psnr": 12.034565314047475,
        "ssim": 0.7757284434899576
    },
    "noise_1e-2": {
        "mse": 0.041760824620723724,
        "cossim": 0.9791195571422577,
        "psnr": 14.764651104744035,
        "ssim": 0.8700576282332161
    },
    "noise_1e-3": {
        "mse": 0.0449705608189106,
        "cossim": 0.977514717578888,
        "psnr": 14.301314404081918,
        "ssim": 0.852405064531921
    },
    "noise_1e-4": {
        "mse": 0.044980645179748535,
        "cossim": 0.9775096720457077,
        "psnr": 14.30000827803881,
        "ssim": 0.8523448508383895
    },
    "noise_1e-5": {
        "mse": 0.0449804812669754,
        "cossim": 0.9775097259879112,
        "psnr": 14.300025918876152,
        "ssim": 0.8523461820086127
    }
}