{
    "diffusercam": {
        "mse": 0.2988581359386444,
        "cossim": 0.8505709430308275,
        "psnr": 6.853698721695277,
        "ssim": 0.20400072964771154
    }
}