{
    "handshake_9": {
        "mse": 1.1778905391693115,
        "cossim": 0.4110548694928487,
        "psnr": 0.001512929895395211,
        "ssim": 0.021781944175306826
    }
}